Université;Nom Faculte;Site Web
Université de Carthage;Faculté des sciences juridiques, politiques et sociales de Tunis;
Université de Carthage;Faculté des sciences de Bizerte;
Université de Carthage;Faculté des sciences économiques et de gestion de Nabeul;
Université de Carthage;École nationale d'architecture et d'urbanisme de Tunis;
Université de Carthage;École nationale d'ingénieurs de Bizerte;
Université de Carthage;École nationale d'ingénieurs de Carthage;
Université de Carthage;École polytechnique de Tunisie;
Université de Carthage;École supérieure de la statistique et de l'analyse de l'information;
Université de Carthage;École supérieure de l'audiovisuel et du cinéma;
Université de Carthage;Institut préparatoire aux études d'ingénieurs de Bizerte;
Université de Carthage;Institut des hautes études commerciales de Carthage;
Université de Carthage;Institut national des sciences appliquées et de technologie;
Université de Carthage;Institut supérieur de gestion de Bizerte;
Université de Carthage;Institut supérieur des sciences appliquées et de technologie de Mateur;
Université de Carthage;Institut préparatoire aux études d'ingénieurs de Nabeul;
Université de Carthage;Institut préparatoire aux études scientifiques et techniques;
Université de Carthage;Institut supérieur des beaux-arts de Nabeul;
Université de Carthage;Institut supérieur des technologies de l'environnement, de l'urbanisme et du bâtiment;
Université de Carthage;Institut supérieur des langues de Tunis;
Université de Carthage;Institut supérieur des langues appliquées et d'informatique de Nabeul;
Université de Carthage;Institut supérieur des sciences et technologies de l'environnement de Borj Cédria;
Université de Carthage;Institut supérieur des technologies de l'information et de la communication de Borj Cédria;
Université de Carthage;École supérieure des communications de Tunis;
Université de Carthage;École supérieure d'agriculture de Mograne;
Université de Carthage;École supérieure d'agriculture de Mateur;
Université de Carthage;École supérieure des industries alimentaires de Tunis;
Université de Carthage;Institut supérieur de pêche et d'aquaculture de Bizerte;
Université de Carthage;Institut national du travail et des études sociales;
Université de Carthage;Institut supérieur des cadres de l'enfance;
Université de Carthage;Institut national agronomique de Tunisie;
Université de Carthage;Institut des études touristiques supérieures de Sidi Dhrif;
Université de Carthage;Institut préparatoire aux études biologiques et géologiques de la Soukra;
Université de Carthage;Institut national de recherches en génie rural, eaux et forêts;
Université de Carthage;Institut national de recherches agronomiques de Tunis;
Université de Gabès;Faculté des sciences de Gabès;http://www.fsg.rnu.tn/
Université de Gabès;École nationale d'ingénieurs de Gabès;http://www.enig.rnu.tn/
Université de Gabès;Institut supérieur de sciences appliquées et de technologie de Gabès;
Université de Gabès;Institut supérieur de gestion de Gabès;
Université de Gabès;Institut supérieur des études technologiques de Djerba;
Université de Gabès;Institut supérieur des langues de Gabès;
Université de Gabès;Institut supérieur des arts et métiers de Gabès;
Université de Gabès;Institut supérieur d'informatique et de multimédia de Gabès;
Université de Gabès;Institut supérieur des études juridiques de Gabès;
Université de Gabès;Institut supérieur de biologie appliquée de Médenine;
Université de Gabès;Institut supérieur des systèmes industriels de Gabès;
Université de Gabès;Institut supérieur des sciences et techniques des eaux de Gabès;
Université de Gabès;Institut supérieur des études appliquées en humanités de Médenine;
Université de Gabès;Institut supérieur d'informatique de Médenine;
Université de Gabès;Institut supérieur des arts et métiers de Tataouine;
Université de Gabès;Institut supérieur des sciences infirmières de Gabès;
Université de Gabès;Institut des régions arides de Médenine;
Université de Gafsa;École nationale d'ingénieurs de Gafsa;
Université de Gafsa;Institut préparatoire aux études d'ingénieurs de Gafsa;
Université de Gafsa;Institut supérieur des études appliquées en humanités de Gafsa;
Université de Gafsa;Institut supérieur d'administration des entreprises de Gafsa;
Université de Gafsa;Institut supérieur d'arts et métiers de Gafsa;
Université de Gafsa;Institut supérieur des sciences appliquées et de technologie de Gafsa;
Université de Gafsa;Institut supérieur des sciences et des technologies de l'énergie de Gafsa;
Université de Gafsa;Institut supérieur des études appliquées en humanités de Tozeur;
Université de Gafsa;Faculté des sciences de Gafsa;
Université de Gafsa;Institut supérieur du sport et de l'éducation physique de Gafsa;
Université de Jendouba;Institut supérieur des sciences humaines de Jendouba;
Université de Jendouba;Institut supérieur de musique et de théâtre du Kef;
Université de Jendouba;Institut supérieur des études appliquées en humanités du Kef;
Université de Jendouba;Institut supérieur des langues appliquées et informatique de Béja;
Université de Jendouba;Institut supérieur des arts et métiers de Siliana;
Université de Jendouba;Institut supérieur d'informatique du Kef;
Université de Jendouba;Institut supérieur de biotechnologie de Béja;
Université de Jendouba;Faculté des sciences juridiques, économiques et de gestion de Jendouba;
Université de Jendouba;Institut sylvo-pastoral de Tabarka;
Université de Jendouba;Institut supérieur des sciences infirmières du Kef;
Université de Jendouba;Institut supérieur du sport et de l'éducation physique du Kef;
Université de Jendouba;École supérieure d'agriculture du Kef;
Université de Jendouba;École supérieure des ingénieurs de l'équipement rural de Medjez el-Bab;
Université de Kairouan;Faculté des lettres et des sciences humaines de Kairouan;
Université de Kairouan;Faculté des sciences et techniques de Sidi Bouzid;
Université de Kairouan;Institut supérieur d'informatique et de gestion de Kairouan;
Université de Kairouan;Institut supérieur des arts et métiers de Kairouan;
Université de Kairouan;Institut supérieur des arts et métiers de Kasserine;
Université de Kairouan;Institut supérieur des études juridiques et politiques de Kairouan;
Université de Kairouan;Institut supérieur des études technologiques de Kasserine;
Université de Kairouan;Institut supérieur des mathématiques appliquées et de l'informatique de Kairouan;
Université de Kairouan;Institut supérieur des sciences appliquées et de technologie de Kairouan;
Université de Kairouan;Institut supérieur des sciences appliquées et de technologie de Kasserine;
Université de La Manouba;École supérieure des sciences et technologies du design;
Université de La Manouba;École supérieure de commerce de Tunis;
Université de La Manouba;École supérieure d'economie numerique ;
Université de La Manouba;École nationale des sciences de l'informatique;
Université de La Manouba;Institut supérieur des arts multimédia de La Manouba;
Université de La Manouba;Institut supérieur de comptabilité et d'administration des entreprises;
Université de La Manouba;Institut supérieur de biotechnologie de Sidi Thabet;
Université de La Manouba;Institut supérieur de documentation de Tunis;
Université de La Manouba;Institut supérieur d'histoire du mouvement national;
Université de La Manouba;Institut de presse et des sciences de l'information;
Université de La Manouba;Faculté des lettres, des arts et des humanités de La Manouba;
Université de La Manouba;École nationale de médecine vétérinaire de Sidi Thabet;
Université de La Manouba;Institut supérieur du sport et de l'éducation physique de Ksar Saïd;
Université de La Manouba;Institut supérieur de promotion des handicapés de Ksar Saïd;
Université de Monastir;Faculté des sciences de Monastir;
Université de Monastir;Faculté de médecine de Monastir ;
Université de Monastir;Faculté de médecine dentaire de Monastir;
Université de Monastir;Faculté de pharmacie de Monastir ;
Université de Monastir;Faculté des sciences économiques et de gestion de Mahdia;
Université de Monastir;École nationale d'ingénieurs de Monastir ;
Université de Monastir;École supérieure des sciences et techniques de la santé de Monastir ;
Université de Monastir;Institut supérieur de biotechnologie de Monastir ;
Université de Monastir;Institut préparatoire aux études d'ingénieurs de Monastir ;
Université de Monastir;Institut supérieur d'informatique et de mathématiques de Monastir ;
Université de Monastir;Institut supérieur des langues appliquées aux affaires et au tourisme de Moknine ;
Université de Monastir;Institut supérieur d'informatique de Mahdia ;
Université de Monastir;Institut supérieur des sciences appliquées et de technologie de Mahdia;
Université de Monastir;Institut supérieur d'arts et métiers de Mahdia ;
Université de Monastir;Institut supérieur des études appliquées en humanités de Mahdia ;
Université de Monastir;Institut supérieur des métiers de la mode ;
Université de Sfax;Faculté de médecine ;
Université de Sfax;Faculté des sciences économiques et de gestion ;
Université de Sfax;Faculté des sciences ;
Université de Sfax;Faculté des lettres et des sciences humaines ;
Université de Sfax;Faculté de droit ;
Université de Sfax;École nationale d'ingénieurs ;
Université de Sfax;Institut préparatoire aux études d'ingénieurs ;
Université de Sfax;École supérieure de commerce ;
Université de Sfax;Institut supérieur des arts et métiers ;
Université de Sfax;Institut supérieur de musique ;
Université de Sfax;Institut supérieur d'administration des affaires ;
Université de Sfax;Institut supérieur d'informatique et de multimédia ;
Université de Sfax;Institut supérieur de biotechnologie ;
Université de Sfax;École nationale d'électronique et des télécommunications ;
Université de Sfax;Institut supérieur de gestion industrielle ;
Université de Sfax;Institut des hautes études commerciales ;
Université de Sfax;Institut supérieur des sciences infirmières ;
Université de Sfax;École supérieure des sciences et techniques de la santé ;
Université de Sfax;Institut supérieur du sport et de l'éducation physique ;
Université de Sfax;Institut de l'olivier;
Université de Sousse;Faculté de droit et des sciences politiques ;
Université de Sousse;Faculté de médecine ;
Université de Sousse;Faculté des lettres et des sciences humaines ;
Université de Sousse;Faculté des sciences économiques et de gestion ;
Université de Sousse;École supérieure d'horticulture et d'élevage de Chott Meriem ;
Université de Sousse;École nationale d'ingénieurs ;
Université de Sousse;École supérieure des sciences et de la technologie (Hammam Sousse) ;
Université de Sousse;École supérieure des sciences et techniques de la santé ;
Université de Sousse;Institut des hautes études commerciales ;
Université de Sousse;Institut supérieur de finances et de fiscalité ;
Université de Sousse;Institut supérieur de gestion ;
Université de Sousse;Institut supérieur de l'informatique et des technologies de la communication (Hammam Sousse) ;
Université de Sousse;Institut supérieur de musique ;
Université de Sousse;Institut supérieur des beaux-arts ;
Université de Sousse;Institut supérieur des sciences appliquées et de technologie ;
Université de Sousse;Institut supérieur des sciences infirmières ;
Université de Sousse;Institut supérieur du transport et de la logistique;
Université de Tunis;École normale supérieure ;
Université de Tunis;École supérieure des sciences économiques et commerciales ;
Université de Tunis;École nationale supérieure d'ingénieurs ;
Université de Tunis;Institut supérieur de l'éducation et de la formation continue ;
Université de Tunis;Institut supérieur des études appliquées en humanités ;
Université de Tunis;Institut supérieur des beaux-arts ;
Université de Tunis;Institut préparatoire aux études littéraires et de sciences humaines ;
Université de Tunis;Institut supérieur d'art dramatique ;
Université de Tunis;Institut supérieur de l'animation pour la jeunesse et la culture ;
Université de Tunis;Institut supérieur de gestion ;
Université de Tunis;Institut préparatoire aux études d'ingénieurs ;
Université de Tunis;Institut supérieur de musique ;
Université de Tunis;Institut supérieur des métiers du patrimoine ;
Université de Tunis;Tunis Business School;
Université de Tunis;Faculté des sciences humaines et sociales de Tunis;
Université de Tunis;Institut national du patrimoine;
Université de Tunis - El Manar;Faculté de droit et des sciences politiques de Tunis ;
Université de Tunis - El Manar;Faculté des sciences économiques et de gestion de Tunis ;
Université de Tunis - El Manar;Faculté des sciences mathématiques, physiques et naturelles de Tunis;
Université de Tunis - El Manar;Faculté de médecine de Tunis ;
Université de Tunis - El Manar;École nationale d'ingénieurs de Tunis ;
Université de Tunis - El Manar;École supérieure des sciences et techniques de la santé de Tunis ;
Université de Tunis - El Manar;Institut Pasteur de Tunis ;
Université de Tunis - El Manar;Institut de recherche vétérinaire de Tunis ;
Université de Tunis - El Manar;Institut Bourguiba des langues vivantes ;
Université de Tunis - El Manar;Institut supérieur des sciences humaines de Tunis;
Université de Tunis - El Manar;Institut préparatoire aux études d'ingénieurs d'El Manar ;
Université de Tunis - El Manar;Institut supérieur des technologies médicales de Tunis ;
Université de Tunis - El Manar;Institut supérieur d'informatique ;
Université de Tunis - El Manar;Institut supérieur des sciences biologiques appliquées de Tunis ;
Université de Tunis - El Manar;Institut supérieur des sciences infirmières de Tunis ;
Université virtuelle de Tunis;;
Université Zitouna;;
Institut supérieur des études technologiques;Institut supérieur des études technologiques de Bizerte (ISET-Bizerte);
Institut supérieur des études technologiques;Institut supérieur des études technologiques de Charguia (en) (ISET-Charguia);
Institut supérieur des études technologiques;Institut supérieur des études technologiques de Kélibia (ISET-Kélibia);
Institut supérieur des études technologiques;Institut supérieur des études technologiques de Nabeul (ISET-Nabeul);
Institut supérieur des études technologiques;Institut supérieur des études technologiques de Radès (ISET-Radès);
Institut supérieur des études technologiques;Institut supérieur des études technologiques de Zaghouan (ISET-Zaghouan);
Institut supérieur des études technologiques;Institut supérieur des études technologiques en communications de Tunis (ISET'Com) ;
Institut supérieur des études technologiques;Institut supérieur des études technologiques de Béja (ISET-Béja);
Institut supérieur des études technologiques;Institut supérieur des études technologiques de Jendouba (ISET-Jendouba);
Institut supérieur des études technologiques;Institut supérieur des études technologiques du Kef (ISET-Kef);
Institut supérieur des études technologiques;Institut supérieur des études technologiques de Siliana (ISET-Siliana);
Institut supérieur des études technologiques;Institut supérieur des études technologiques de Ksar Hellal (ISET-Ksar Hellal);
Institut supérieur des études technologiques;Institut supérieur des études technologiques de Mahdia (ISET-Mahdia);
Institut supérieur des études technologiques;Institut supérieur des études technologiques de Sfax (ISET-Sfax);
Institut supérieur des études technologiques;Institut supérieur des études technologiques de Sousse (ISET-Sousse);
Institut supérieur des études technologiques;Institut supérieur des études technologiques de Kairouan (ISET-Kairouan);
Institut supérieur des études technologiques;Institut supérieur des études technologiques de Kasserine (ISET-Kasserine);
Institut supérieur des études technologiques;Institut supérieur des études technologiques de Sidi Bouzid (ISET-Sidi Bouzid);
Institut supérieur des études technologiques;Institut supérieur des études technologiques de Djerba (ISET-Djerba);
Institut supérieur des études technologiques;Institut supérieur des études technologiques de Gabès (ISET-Gabès);
Institut supérieur des études technologiques;Institut supérieur des études technologiques de Médenine (ISET-Médenine);
Institut supérieur des études technologiques;Institut supérieur des études technologiques de Tataouine (ISET-Tataouine);
Institut supérieur des études technologiques;Institut supérieur des études technologiques de Gafsa (ISET-Gafsa);
Institut supérieur des études technologiques;Institut supérieur des études technologiques de Kébili (ISET-Kebili);
Institut supérieur des études technologiques;Institut supérieur des études technologiques de Tozeur (ISET-Tozeur);
Universités privées;École supérieure des sciences appliquées et de la technologie privée de Gabès;http://www.essat-gabes.com/
Universités privées;Institut supérieur des sciences infirmières de Kairouan;
Universités privées;Université méditerranéenne privée de Tunis;
Universités privées;École supérieure des études administratives et commerciales;
Universités privées;Institut international de technologie;
Universités privées;Université privée des sciences, arts et techniques de Sfax;
Universités privées;Université privée du Sud;
Universités privées;École polytechnique privée;
Universités privées;École pluridisciplinaire internationale;
Universités privées;École supérieure privée d'ingénierie et des technologies appliquées;
Universités privées;École supérieure privée des technologies d'informatique et de management (ESTIM Université);
Universités privées;Institut des hautes études à Sousse;
Universités privées;Institut supérieur des sciences infirmières El Amed;
Universités privées;Institut supérieur des sciences infirmières de Sousse (ISIS);
Universités privées;Institut supérieur privé des sciences infirmières Étoile de formation;
Universités privées;Université privée de Sousse;
Universités privées;Université privée des sciences, arts et techniques de Sousse;
Universités privées;École polytechnique internationale privée de Tunis (Polytech Intl);
Universités privées;École privée de technologies de l'information et de management de l'entreprise (Time Université);
Universités privées;École supérieure d'audiovisuel et de design;
Universités privées;École supérieure des sciences appliquées et de management (SESAME);https://universitesesame.com/
Universités privées;École supérieure privée d'administration des affaires et de droit ;
Universités privées;École supérieure privée d'administration et de management;
Universités privées;École supérieure privée d'ingénierie et de technologie (Esprit);https://esprit.tn/
Universités privées;Institut des hautes études à Tunis;
Universités privées;iTeam University;
Universités privées;Law and Business School;
Universités privées;Mediterranean School of Business;
Universités privées;Université arabe des sciences;
Universités privées;Université centrale;
Universités privées;Université de technologie et de management (SUPTECH)3;
Universités privées;Université Ibn Khaldoun;
Universités privées;Université internationale de santé;
Universités privées;Université internationale de Tunis;
Universités privées;Université libre de Tunis;
Universités privées;Université Paris-Dauphine Tunis;
Universités privées;Université Mahmoud El Materi;
Universités privées;Université Montplaisir Tunis;
Universités privées;Université privée d'enseignement supérieur El Amel;
Universités privées;Université privée de l'aéronautique et des technologies;
Universités privées;Université privée de technologie;
Universités privées;Université privée des arts et du design;
Universités privées;Université privée des sciences, arts et techniques de Tunis;
Universités privées;Université privée Tunis Carthage;
